{
    "acc_MR": "73.29",
    "unc_MR": {
        "ece": 0.14280511597212184,
        "ace": 0.37318180927413575,
        "sce": 0.35838096950259896,
        "tace": 0.37318180927413575,
        "maxce": 0.30564257875084877,
        "oece": 0.019428456035154057,
        "nll": 0.5612648257187435
    },
    "acc_CR": "75.57",
    "unc_CR": {
        "ece": 0.14211537062929952,
        "ace": 0.3333090399765011,
        "sce": 0.33157506270809173,
        "tace": 0.3333090399765011,
        "maxce": 0.30769239167372386,
        "oece": 0.023336161753426586,
        "nll": 0.5038840730985006
    },
    "acc_MPQA": "86.13",
    "unc_MPQA": {
        "ece": 0.11875525778510113,
        "ace": 0.4548968189404037,
        "sce": 0.4732947239936637,
        "tace": 0.4482984423487449,
        "maxce": 0.45414804110685025,
        "oece": 0.025658382460569343,
        "nll": 0.3493960987193039
    },
    "acc_SUBJ": "90.42",
    "unc_SUBJ": {
        "ece": 0.1587883784020131,
        "ace": 0.4342614367437185,
        "sce": 0.45574126435231743,
        "tace": 0.424101918788783,
        "maxce": 0.410117934210391,
        "oece": 0.007828568743925063,
        "nll": 0.3320518951344339
    },
    "acc_SST2": "81.77",
    "unc_SST2": {
        "ece": 0.1037497600605375,
        "ace": 0.3763580187431632,
        "sce": 0.4021240281724356,
        "tace": 0.3675332854605311,
        "maxce": 0.40318690548683034,
        "oece": 0.03373511624381885,
        "nll": 0.385406859989824
    },
    "acc_TREC": "74.00",
    "unc_TREC": {
        "ece": 0.17762807602524494,
        "ace": 0.7450143703311839,
        "sce": 0.7733133675745729,
        "tace": 0.591775984639819,
        "maxce": 0.4071735516190529,
        "oece": 0.013132538901920992,
        "nll": 0.7474574223160744
    },
    "acc_MRPC": "71.30",
    "unc_MRPC": {
        "ece": 0.11718199967636077,
        "ace": 0.30659073106980506,
        "sce": 0.29922998195881856,
        "tace": 0.30659073106980506,
        "maxce": 0.3219564810947136,
        "oece": 0.04048373274982656,
        "nll": 0.5471720165676541
    },
    "testconfig": "heads1_noregu"
}