{
    "acc_MR": "74.71",
    "unc_MR": {
        "ece": 0.11595404918864602,
        "ace": 0.3206501429890417,
        "sce": 0.32758739655383323,
        "tace": 0.3206501429890417,
        "maxce": 0.32218353634371477,
        "oece": 0.03119783161559808,
        "nll": 0.5140903543023502
    },
    "acc_CR": "77.59",
    "unc_CR": {
        "ece": 0.113889003808572,
        "ace": 0.33986302559432874,
        "sce": 0.3518825838162575,
        "tace": 0.33986302559432874,
        "maxce": 0.32292791058619813,
        "oece": 0.027665992080526242,
        "nll": 0.4603049695491791
    },
    "acc_MPQA": "87.24",
    "unc_MPQA": {
        "ece": 0.10080518134999236,
        "ace": 0.4316830682225972,
        "sce": 0.4576000861212782,
        "tace": 0.40521925630287503,
        "maxce": 0.4286844238638878,
        "oece": 0.027096204367242145,
        "nll": 0.32507687154061654
    },
    "acc_SUBJ": "91.84",
    "unc_SUBJ": {
        "ece": 0.07534692284949998,
        "ace": 0.43630600566015837,
        "sce": 0.46928276922885503,
        "tace": 0.3061750870272162,
        "maxce": 0.5220972170121968,
        "oece": 0.022139841254683452,
        "nll": 0.2063182870624587
    },
    "acc_SST2": "82.10",
    "unc_SST2": {
        "ece": 0.10262073069616216,
        "ace": 0.3769395577873106,
        "sce": 0.39861053879112496,
        "tace": 0.3699833148877918,
        "maxce": 0.39090746795309,
        "oece": 0.029833787390196757,
        "nll": 0.3874010628667371
    },
    "acc_TREC": "76.20",
    "unc_TREC": {
        "ece": 0.17554276597510615,
        "ace": 0.7518307804160185,
        "sce": 0.7806383700338777,
        "tace": 0.5479075210755505,
        "maxce": 0.4219743013381958,
        "oece": 0.016383387242968454,
        "nll": 0.7041840925812721
    },
    "acc_MRPC": "69.86",
    "unc_MRPC": {
        "ece": 0.11123228575825699,
        "ace": 0.2945517284816466,
        "sce": 0.28055671484722394,
        "tace": 0.2945517284816466,
        "maxce": 0.28248193749675043,
        "oece": 0.02940530332506254,
        "nll": 0.5655613287731454
    },
    "testconfig": "heads5_regu_bright-frost-59"
}