{
    "acc_MR": "74.27",
    "unc_MR": {
        "ece": 0.11550265188911983,
        "ace": 0.3189320281987019,
        "sce": 0.3225057342718349,
        "tace": 0.3189320281987019,
        "maxce": 0.3020637228646699,
        "oece": 0.030607467210701778,
        "nll": 0.5231002490310108
    },
    "acc_CR": "76.05",
    "unc_CR": {
        "ece": 0.1192000550323262,
        "ace": 0.32875766235771425,
        "sce": 0.33484766945745514,
        "tace": 0.32875766235771425,
        "maxce": 0.3290549392501513,
        "oece": 0.025544201421093947,
        "nll": 0.4873345161477725
    },
    "acc_MPQA": "86.93",
    "unc_MPQA": {
        "ece": 0.10446746189243113,
        "ace": 0.4299309666541477,
        "sce": 0.45391506065784737,
        "tace": 0.4161144883089481,
        "maxce": 0.43147257724229027,
        "oece": 0.02359533787790261,
        "nll": 0.3377179728711353
    },
    "acc_SUBJ": "90.80",
    "unc_SUBJ": {
        "ece": 0.08134169904677317,
        "ace": 0.42869693074142806,
        "sce": 0.4588295148516119,
        "tace": 0.3647383201930913,
        "maxce": 0.4938489554449916,
        "oece": 0.019662157000796834,
        "nll": 0.23390989794861525
    },
    "acc_SST2": "81.82",
    "unc_SST2": {
        "ece": 0.10875735477266193,
        "ace": 0.37083570733518845,
        "sce": 0.38796106025938815,
        "tace": 0.3689636102184881,
        "maxce": 0.33205443415148506,
        "oece": 0.029415415388019547,
        "nll": 0.40625355418386133
    },
    "acc_TREC": "68.60",
    "unc_TREC": {
        "ece": 0.17437751357101616,
        "ace": 0.7292689440615993,
        "sce": 0.758093427688615,
        "tace": 0.6506678833720168,
        "maxce": 0.40338263288140297,
        "oece": 0.012295944506080438,
        "nll": 0.8855688571929932
    },
    "acc_MRPC": "69.16",
    "unc_MRPC": {
        "ece": 0.110211136118868,
        "ace": 0.2994447997179662,
        "sce": 0.28151079521917033,
        "tace": 0.2994447997179662,
        "maxce": 0.29335829505213984,
        "oece": 0.038942287152356266,
        "nll": 0.57252170642217
    },
    "testconfig": "heads5_regu_bright-frost-59"
}