{
    "acc_MR": "77.99",
    "unc_MR": {
        "ece": 0.10728648262072915,
        "ace": 0.34529169108830304,
        "sce": 0.3602939624681082,
        "tace": 0.3436037842864005,
        "maxce": 0.34178914844113234,
        "oece": 0.03304067754930274,
        "nll": 0.46890540719032286
    },
    "acc_CR": "81.11",
    "unc_CR": {
        "ece": 0.10507113925538084,
        "ace": 0.3662157062765799,
        "sce": 0.38374926383239594,
        "tace": 0.36258312504524703,
        "maxce": 0.347891587515672,
        "oece": 0.026907239511295766,
        "nll": 0.40686178058385847
    },
    "acc_MPQA": "88.26",
    "unc_MPQA": {
        "ece": 0.09189032087151058,
        "ace": 0.4374516917702939,
        "sce": 0.46484461133309996,
        "tace": 0.38988471706014294,
        "maxce": 0.4637999076177093,
        "oece": 0.028599550654601135,
        "nll": 0.30755906512632086
    },
    "acc_SUBJ": "93.11",
    "unc_SUBJ": {
        "ece": 0.06704147117603396,
        "ace": 0.44468191778729727,
        "sce": 0.47674421541571765,
        "tace": 0.2779464806682292,
        "maxce": 0.5164427124895156,
        "oece": 0.019395657027500242,
        "nll": 0.17950456368271261
    },
    "acc_SST2": "83.69",
    "unc_SST2": {
        "ece": 0.10105058739312747,
        "ace": 0.3898235679949292,
        "sce": 0.4135788640758123,
        "tace": 0.3729455205517495,
        "maxce": 0.41566580790897895,
        "oece": 0.028905562263253536,
        "nll": 0.35828852859036675
    },
    "acc_TREC": "80.60",
    "unc_TREC": {
        "ece": 0.1612646252408863,
        "ace": 0.7668978652729359,
        "sce": 0.7965849663057164,
        "tace": 0.4903799783885266,
        "maxce": 0.46098367124795914,
        "oece": 0.015341757339974282,
        "nll": 0.5745926536619663
    },
    "acc_MRPC": "74.43",
    "unc_MRPC": {
        "ece": 0.10695362492387378,
        "ace": 0.31765437340856234,
        "sce": 0.3181216034465976,
        "tace": 0.31765437340856234,
        "maxce": 0.3065375056531694,
        "oece": 0.030674591064357062,
        "nll": 0.5237299987563381
    },
    "testconfig": "heads3_regu_exalted-elevator-87"
}