{
    "acc_MR": "74.73",
    "unc_MR": {
        "ece": 0.11061620034849651,
        "ace": 0.32400463578877253,
        "sce": 0.3300268778948018,
        "tace": 0.3236395530446539,
        "maxce": 0.29839039059246286,
        "oece": 0.031806714200339196,
        "nll": 0.5116766796392553
    },
    "acc_CR": "78.68",
    "unc_CR": {
        "ece": 0.11170212810710559,
        "ace": 0.34114991292274477,
        "sce": 0.35088536560545686,
        "tace": 0.34114991292274477,
        "maxce": 0.3272297744949658,
        "oece": 0.020570080406257716,
        "nll": 0.4538296565413475
    },
    "acc_MPQA": "85.61",
    "unc_MPQA": {
        "ece": 0.10356828476174271,
        "ace": 0.427155331463024,
        "sce": 0.4513370285639072,
        "tace": 0.4143551829524184,
        "maxce": 0.4242702550747815,
        "oece": 0.030075927405823398,
        "nll": 0.34931743403567983
    },
    "acc_SUBJ": "91.81",
    "unc_SUBJ": {
        "ece": 0.06758022265053455,
        "ace": 0.43786026391390154,
        "sce": 0.470445305594806,
        "tace": 0.299799453523963,
        "maxce": 0.49078830126672984,
        "oece": 0.020744282102199627,
        "nll": 0.20400005695410073
    },
    "acc_SST2": "80.89",
    "unc_SST2": {
        "ece": 0.10450481820860347,
        "ace": 0.36462036850387125,
        "sce": 0.37965478203830705,
        "tace": 0.3571266722473165,
        "maxce": 0.3760946608822921,
        "oece": 0.028539248616403296,
        "nll": 0.4075455727248356
    },
    "acc_TREC": "73.00",
    "unc_TREC": {
        "ece": 0.15023954903329795,
        "ace": 0.749346717437306,
        "sce": 0.7803531332230143,
        "tace": 0.5183663253205458,
        "maxce": 0.4291502833366394,
        "oece": 0.015436159907654646,
        "nll": 0.7333942428231239
    },
    "acc_MRPC": "70.43",
    "unc_MRPC": {
        "ece": 0.11244760966887243,
        "ace": 0.3142241540916955,
        "sce": 0.30723080815345677,
        "tace": 0.3142241540916955,
        "maxce": 0.37921118625888117,
        "oece": 0.049681721166163845,
        "nll": 0.5579233037100898
    },
    "testconfig": "heads5_regu_bright-frost-59"
}