{
    "acc_MR": "77.55",
    "unc_MR": {
        "ece": 0.11160631791420048,
        "ace": 0.34653574965728606,
        "sce": 0.36323825990039216,
        "tace": 0.3445740195120274,
        "maxce": 0.3463220983743667,
        "oece": 0.036950655171846515,
        "nll": 0.46858416453880414
    },
    "acc_CR": "82.09",
    "unc_CR": {
        "ece": 0.09869386971289548,
        "ace": 0.37283366822408726,
        "sce": 0.3909541633267647,
        "tace": 0.3592447690916408,
        "maxce": 0.4098126955330372,
        "oece": 0.029537353189008093,
        "nll": 0.39288200413187346
    },
    "acc_MPQA": "88.60",
    "unc_MPQA": {
        "ece": 0.08895000037413017,
        "ace": 0.43935962262653827,
        "sce": 0.467519196434246,
        "tace": 0.3929240584348747,
        "maxce": 0.4801955081084195,
        "oece": 0.02933603075334019,
        "nll": 0.2971672858823748
    },
    "acc_SUBJ": "93.16",
    "unc_SUBJ": {
        "ece": 0.06451647850385275,
        "ace": 0.44438721633116723,
        "sce": 0.4783216918628015,
        "tace": 0.25801828402670285,
        "maxce": 0.5139492658898235,
        "oece": 0.0213740545557811,
        "nll": 0.17538582892157137
    },
    "acc_SST2": "83.09",
    "unc_SST2": {
        "ece": 0.10864491295245313,
        "ace": 0.38372199586221895,
        "sce": 0.4103599535994044,
        "tace": 0.36766161777788237,
        "maxce": 0.42839696232614843,
        "oece": 0.03155948061657975,
        "nll": 0.3677835526137516
    },
    "acc_TREC": "84.80",
    "unc_TREC": {
        "ece": 0.13916378571369215,
        "ace": 0.7779439500505035,
        "sce": 0.8066967910170829,
        "tace": 0.35205928500868394,
        "maxce": 0.5223183110356331,
        "oece": 0.016148033861009457,
        "nll": 0.4644422009587288
    },
    "acc_MRPC": "73.04",
    "unc_MRPC": {
        "ece": 0.11049620237060248,
        "ace": 0.3146976822148227,
        "sce": 0.30648769079268956,
        "tace": 0.3146976822148227,
        "maxce": 0.37714451606626864,
        "oece": 0.03369267408312758,
        "nll": 0.5319214165210724
    },
    "testconfig": "heads1_noregu_vibrant-mountain-57"
}