{
    "acc_MR": "78.42",
    "unc_MR": {
        "ece": 0.11383620538274766,
        "ace": 0.3526195384803855,
        "sce": 0.3671547294941344,
        "tace": 0.3510148870436443,
        "maxce": 0.3542506946360363,
        "oece": 0.036259986999374216,
        "nll": 0.4734504364869174
    },
    "acc_CR": "83.21",
    "unc_CR": {
        "ece": 0.11111549875721276,
        "ace": 0.3795555981157873,
        "sce": 0.3974642281700719,
        "tace": 0.37664955824093427,
        "maxce": 0.39173580855131146,
        "oece": 0.02645739162732485,
        "nll": 0.3926824490229289
    },
    "acc_MPQA": "87.38",
    "unc_MPQA": {
        "ece": 0.10666490397589035,
        "ace": 0.43549977324704103,
        "sce": 0.46290010312289354,
        "tace": 0.39475407124762185,
        "maxce": 0.45468270147547996,
        "oece": 0.029070168457757773,
        "nll": 0.33909817149533944
    },
    "acc_SUBJ": "93.75",
    "unc_SUBJ": {
        "ece": 0.06120130142788229,
        "ace": 0.44891876541372244,
        "sce": 0.4811470028108643,
        "tace": 0.25579785551343115,
        "maxce": 0.5395374129526317,
        "oece": 0.019684900311915957,
        "nll": 0.16751857242779805
    },
    "acc_SST2": "82.81",
    "unc_SST2": {
        "ece": 0.10497056664587921,
        "ace": 0.3901507718070239,
        "sce": 0.4137801263444068,
        "tace": 0.36583637131946944,
        "maxce": 0.3774007075819476,
        "oece": 0.03436454120082025,
        "nll": 0.3533261551939208
    },
    "acc_TREC": "83.00",
    "unc_TREC": {
        "ece": 0.16082244953939917,
        "ace": 0.7709398247869875,
        "sce": 0.8005409244086709,
        "tace": 0.45615676587378184,
        "maxce": 0.43046409636735916,
        "oece": 0.01405230325923163,
        "nll": 0.5403451509773731
    },
    "acc_MRPC": "74.78",
    "unc_MRPC": {
        "ece": 0.10657354339244768,
        "ace": 0.31464031972037093,
        "sce": 0.3147699670816971,
        "tace": 0.31464031972037093,
        "maxce": 0.3596389955944485,
        "oece": 0.025650086770254727,
        "nll": 0.5222571205209803
    },
    "testconfig": "heads1_noregu_vibrant-mountain-57"
}