{
    "acc_MR": "71.48",
    "unc_MR": {
        "ece": 0.11707863792157953,
        "ace": 0.30528812633657504,
        "sce": 0.30736398948666294,
        "tace": 0.30528812633657504,
        "maxce": 0.3001389897044967,
        "oece": 0.03469272673785834,
        "nll": 0.5567715173258501
    },
    "acc_CR": "74.91",
    "unc_CR": {
        "ece": 0.11636646771752553,
        "ace": 0.31729176816391924,
        "sce": 0.314591995116123,
        "tace": 0.31729176816391924,
        "maxce": 0.31729275584220884,
        "oece": 0.023190965771452333,
        "nll": 0.5147066459059715
    },
    "acc_MPQA": "84.39",
    "unc_MPQA": {
        "ece": 0.1144597262992865,
        "ace": 0.42526514054261677,
        "sce": 0.4476602658317287,
        "tace": 0.4188532508455623,
        "maxce": 0.41503079415244215,
        "oece": 0.03385362981465334,
        "nll": 0.37826096932677666
    },
    "acc_SUBJ": "91.09",
    "unc_SUBJ": {
        "ece": 0.06999527284415005,
        "ace": 0.4366991114120474,
        "sce": 0.46860369188145656,
        "tace": 0.31975657597640633,
        "maxce": 0.5071125438436865,
        "oece": 0.024499082488120653,
        "nll": 0.2230243848869577
    },
    "acc_SST2": "77.87",
    "unc_SST2": {
        "ece": 0.11855047153698242,
        "ace": 0.35376963532077194,
        "sce": 0.3645928062713421,
        "tace": 0.35323509035442374,
        "maxce": 0.3671091728169343,
        "oece": 0.03619186092721426,
        "nll": 0.4696785581522974
    },
    "acc_TREC": "66.60",
    "unc_TREC": {
        "ece": 0.15506164442708506,
        "ace": 0.731673512538669,
        "sce": 0.7589333060731196,
        "tace": 0.5048716836011273,
        "maxce": 0.3791124187409878,
        "oece": 0.023342826653835514,
        "nll": 0.8537853956222534
    },
    "acc_MRPC": "69.28",
    "unc_MRPC": {
        "ece": 0.11433461181646117,
        "ace": 0.3040434219984409,
        "sce": 0.28719195886344423,
        "tace": 0.3040434219984409,
        "maxce": 0.34323412317920615,
        "oece": 0.05068549458112423,
        "nll": 0.581346642088007
    },
    "testconfig": "heads3_regu_exalted-elevator-87"
}