{
    "acc_MR": "77.04",
    "unc_MR": {
        "ece": 0.11078545349343252,
        "ace": 0.3987265611938212,
        "sce": 0.41039010659684216,
        "tace": 0.39701892597647115,
        "maxce": 0.3602009509645757,
        "oece": 0.03804276700787075,
        "nll": 0.47725582548550194
    },
    "acc_CR": "80.47",
    "unc_CR": {
        "ece": 0.11309407952369309,
        "ace": 0.3598501378024255,
        "sce": 0.3742891298279182,
        "tace": 0.3589463835898909,
        "maxce": 0.359218051781257,
        "oece": 0.026643707864198556,
        "nll": 0.4300628880659739
    },
    "acc_MPQA": "88.27",
    "unc_MPQA": {
        "ece": 0.0951313196143829,
        "ace": 0.4567711665191846,
        "sce": 0.4827269151280704,
        "tace": 0.4172140114713617,
        "maxce": 0.46104314851473616,
        "oece": 0.031109459381093912,
        "nll": 0.3026321860232267
    },
    "acc_SUBJ": "91.87",
    "unc_SUBJ": {
        "ece": 0.07898937975781486,
        "ace": 0.4465562435094467,
        "sce": 0.4790774431855621,
        "tace": 0.38061357450742783,
        "maxce": 0.4861570887173278,
        "oece": 0.016528779097281978,
        "nll": 0.21355549590308454
    },
    "acc_SST2": "83.09",
    "unc_SST2": {
        "ece": 0.10864491295245313,
        "ace": 0.38372199586221895,
        "sce": 0.4103599535994044,
        "tace": 0.36766161777788237,
        "maxce": 0.42839696232614843,
        "oece": 0.03155948061657975,
        "nll": 0.3677835526137516
    },
    "acc_TREC": "84.80",
    "unc_TREC": {
        "ece": 0.13916378571369215,
        "ace": 0.7779439500505035,
        "sce": 0.8066967910170829,
        "tace": 0.35205928500868394,
        "maxce": 0.5223183110356331,
        "oece": 0.016148033861009457,
        "nll": 0.4644422009587288
    },
    "acc_MRPC": "73.04",
    "unc_MRPC": {
        "ece": 0.11049620237060248,
        "ace": 0.3146976822148227,
        "sce": 0.30648769079268956,
        "tace": 0.3146976822148227,
        "maxce": 0.37714451606626864,
        "oece": 0.03369267408312758,
        "nll": 0.5319214165210724
    },
    "testconfig": "heads5_noregu"
}
