{
    "acc_MR": "76.37",
    "unc_MR": {
        "ece": 0.11515328228384576,
        "ace": 0.33251459368167197,
        "sce": 0.34202633414391437,
        "tace": 0.3322867456331377,
        "maxce": 0.33846629016539626,
        "oece": 0.0314551292856775,
        "nll": 0.49326881643603826
    },
    "acc_CR": "80.00",
    "unc_CR": {
        "ece": 0.11060342750533521,
        "ace": 0.3534634445650446,
        "sce": 0.36605055239866896,
        "tace": 0.352301374754301,
        "maxce": 0.371124039342006,
        "oece": 0.025720024194645152,
        "nll": 0.434546060860157
    },
    "acc_MPQA": "88.26",
    "unc_MPQA": {
        "ece": 0.09432203531601321,
        "ace": 0.43863116742777797,
        "sce": 0.46668482539392786,
        "tace": 0.404097501307609,
        "maxce": 0.472455545470995,
        "oece": 0.028643934712849966,
        "nll": 0.30498235541231494
    },
    "acc_SUBJ": "92.26",
    "unc_SUBJ": {
        "ece": 0.07063311660390087,
        "ace": 0.4390090006379738,
        "sce": 0.47337849459603165,
        "tace": 0.2896301644369232,
        "maxce": 0.5269271520897746,
        "oece": 0.022228680230500484,
        "nll": 0.19518956609535962
    },
    "acc_SST2": "82.37",
    "unc_SST2": {
        "ece": 0.10244580868082834,
        "ace": 0.38224035812946633,
        "sce": 0.4065944227166135,
        "tace": 0.36911616501567335,
        "maxce": 0.40853685448909627,
        "oece": 0.03041282173957021,
        "nll": 0.3788342434784462
    },
    "acc_TREC": "74.40",
    "unc_TREC": {
        "ece": 0.16145487387691254,
        "ace": 0.7459622163013119,
        "sce": 0.7769527266916022,
        "tace": 0.5415624978102109,
        "maxce": 0.47224051505327225,
        "oece": 0.015937919839862653,
        "nll": 0.6979969181120396
    },
    "acc_MRPC": "68.93",
    "unc_MRPC": {
        "ece": 0.11081944092287065,
        "ace": 0.28874250200406015,
        "sce": 0.2709384101394057,
        "tace": 0.28874250200406015,
        "maxce": 0.309225004028391,
        "oece": 0.035737256120184906,
        "nll": 0.582199180567706
    },
    "testconfig": "heads5_regu_bright-frost-59"
}