{
    "acc_MR": "69.36",
    "unc_MR": {
        "ece": 0.12199466469107631,
        "ace": 0.2779065728713576,
        "sce": 0.2522120590854016,
        "tace": 0.2778609672255276,
        "maxce": 0.35566183810724933,
        "oece": 0.017737582913254113,
        "nll": 0.5975783923093011
    },
    "acc_CR": "72.69",
    "unc_CR": {
        "ece": 0.14448592915174602,
        "ace": 0.2971222081816194,
        "sce": 0.2659531093046114,
        "tace": 0.2971222081816194,
        "maxce": 0.37922158713142073,
        "oece": 0.01443019071174274,
        "nll": 0.5720563982923825
    },
    "acc_MPQA": "77.65",
    "unc_MPQA": {
        "ece": 0.16017173662403103,
        "ace": 0.39500474221877596,
        "sce": 0.38748996976582256,
        "tace": 0.39500474221877596,
        "maxce": 0.3586103871464729,
        "oece": 0.02420564565046507,
        "nll": 0.5014935092890964
    },
    "acc_SUBJ": "90.23",
    "unc_SUBJ": {
        "ece": 0.09633377251791815,
        "ace": 0.4195548771879528,
        "sce": 0.44874278640694143,
        "tace": 0.3713351471432999,
        "maxce": 0.45742620062083006,
        "oece": 0.014784827420316879,
        "nll": 0.2586558900773525
    },
    "acc_SST2": "76.77",
    "unc_SST2": {
        "ece": 0.12466221711433417,
        "ace": 0.33382101037079104,
        "sce": 0.3422219173906917,
        "tace": 0.33382101037079104,
        "maxce": 0.31186608302182167,
        "oece": 0.025330451516952127,
        "nll": 0.4855814935832188
    },
    "acc_TREC": "61.40",
    "unc_TREC": {
        "ece": 0.2225803775636447,
        "ace": 0.7020580558484134,
        "sce": 0.7196335024527296,
        "tace": 0.6695728183846121,
        "maxce": 0.3936617486178875,
        "oece": 0.007118122721418222,
        "nll": 1.1074431166052818
    },
    "acc_MRPC": "68.12",
    "unc_MRPC": {
        "ece": 0.1312673188184043,
        "ace": 0.31452612406680014,
        "sce": 0.2976455819840557,
        "tace": 0.31452612406680014,
        "maxce": 0.551540904574924,
        "oece": 0.07140674217750174,
        "nll": 0.6145009243929828
    },
    "testconfig": "heads5_regu_bright-frost-59"
}