{
    "acc_MR": "78.53",
    "unc_MR": {
        "ece": 0.10738686564777435,
        "ace": 0.39978274080483434,
        "sce": 0.41341981943309924,
        "tace": 0.39728872729442655,
        "maxce": 0.33636087152574745,
        "oece": 0.03145972795313763,
        "nll": 0.4557690244345438
    },
    "acc_CR": "80.93",
    "unc_CR": {
        "ece": 0.13748639346127067,
        "ace": 0.3603869434461339,
        "sce": 0.36408676951903846,
        "tace": 0.3603869434461339,
        "maxce": 0.34695821950833006,
        "oece": 0.01701330115179841,
        "nll": 0.4395373935500781
    },
    "acc_MPQA": "88.81",
    "unc_MPQA": {
        "ece": 0.0998102301582499,
        "ace": 0.45563878640284544,
        "sce": 0.4839600602091055,
        "tace": 0.4288613108664038,
        "maxce": 0.46819146704601955,
        "oece": 0.027554742521755347,
        "nll": 0.30561722357230015
    },
    "acc_SUBJ": "91.48",
    "unc_SUBJ": {
        "ece": 0.13464844355336095,
        "ace": 0.43731361956838843,
        "sce": 0.4645358596253688,
        "tace": 0.43697033720567147,
        "maxce": 0.4250178661527513,
        "oece": 0.007628901985000767,
        "nll": 0.280599953913236
    },
    "acc_SST2": "83.64",
    "unc_SST2": {
        "ece": 0.1049122101905557,
        "ace": 0.395921589799292,
        "sce": 0.4206160070685822,
        "tace": 0.36928465748106504,
        "maxce": 0.43126892272768347,
        "oece": 0.0322654814756625,
        "nll": 0.34546651922423266
    },
    "acc_TREC": "84.60",
    "unc_TREC": {
        "ece": 0.15344375550141387,
        "ace": 0.7749077233543408,
        "sce": 0.8037504393687414,
        "tace": 0.501092216868016,
        "maxce": 0.4528540410101414,
        "oece": 0.005373968713389337,
        "nll": 0.5172412618994713
    },
    "acc_MRPC": "74.67",
    "unc_MRPC": {
        "ece": 0.11630140249029297,
        "ace": 0.322909495270451,
        "sce": 0.3183587152593472,
        "tace": 0.322909495270451,
        "maxce": 0.3375367709883937,
        "oece": 0.032741621288992585,
        "nll": 0.5087005584328262
    },
    "testconfig": "heads1_noregu"
}