{
    "acc_MR": "68.06",
    "unc_MR": {
        "ece": 0.13188058491298754,
        "ace": 0.3549693388988465,
        "sce": 0.32627863257059664,
        "tace": 0.3549693388988465,
        "maxce": 0.36553739853912876,
        "oece": 0.02144172565050477,
        "nll": 0.6083006535967191
    },
    "acc_CR": "64.00",
    "unc_CR": {
        "ece": 0.14846631370369728,
        "ace": 0.27502069721881867,
        "sce": 0.20239745779787022,
        "tace": 0.27502069721881867,
        "maxce": 0.364336634427309,
        "oece": 0.03306905226551188,
        "nll": 0.6423832784096399
    },
    "acc_MPQA": "75.04",
    "unc_MPQA": {
        "ece": 0.22580020285621635,
        "ace": 0.441565774452721,
        "sce": 0.429839813650598,
        "tace": 0.441565774452721,
        "maxce": 0.4548716988100345,
        "oece": 0.04525965581804846,
        "nll": 0.5373074952737396
    },
    "acc_SUBJ": "88.97",
    "unc_SUBJ": {
        "ece": 0.11582753547950636,
        "ace": 0.43383688525973063,
        "sce": 0.46092035587792485,
        "tace": 0.4089810731825828,
        "maxce": 0.42184408207105684,
        "oece": 0.015421874923265182,
        "nll": 0.29748139594080325
    },
    "acc_SST2": "76.77",
    "unc_SST2": {
        "ece": 0.12466221711433417,
        "ace": 0.33382101037079104,
        "sce": 0.3422219173906917,
        "tace": 0.33382101037079104,
        "maxce": 0.31186608302182167,
        "oece": 0.025330451516952127,
        "nll": 0.4855814935832188
    },
    "acc_TREC": "65.00",
    "unc_TREC": {
        "ece": 0.20900190687328588,
        "ace": 0.7149167796283182,
        "sce": 0.7358052400960544,
        "tace": 0.654862969232882,
        "maxce": 0.518044039607048,
        "oece": 0.006647355477632216,
        "nll": 1.0179196819663048
    },
    "acc_MRPC": "68.23",
    "unc_MRPC": {
        "ece": 0.1308698015565797,
        "ace": 0.31379825860170596,
        "sce": 0.29735784219600264,
        "tace": 0.31379825860170596,
        "maxce": 0.5409689137229213,
        "oece": 0.0712688751096818,
        "nll": 0.6145225553600876
    },
    "testconfig": "heads1_noregu"
}